タスク,期限,説明,ステータス,カテゴリー
インポートタスク01,2018/9/24,インポートのためのダミー文章01,進行中,プロジェクトA
インポートタスク02,2018/12/23,インポートのためのダミー文章02,進行中,プロジェクトA
インポートタスク03,2018/10/5,インポートのためのダミー文章03,進行中,プロジェクトA
インポートタスク04,2018/11/8,インポートのためのダミー文章04,進行中,プロジェクトA
インポートタスク05,2018/10/19,インポートのためのダミー文章05,進行中,プロジェクトA
インポートタスク06,2018/11/19,インポートのためのダミー文章06,進行中,プロジェクトA
インポートタスク07,2018/11/1,インポートのためのダミー文章07,進行中,プロジェクトA
インポートタスク08,2018/10/7,インポートのためのダミー文章08,進行中,プロジェクトA
インポートタスク09,2018/12/16,インポートのためのダミー文章09,進行中,プロジェクトA
インポートタスク10,2018/9/4,インポートのためのダミー文章10,進行中,プロジェクトA
インポートタスク11,2018/12/25,インポートのためのダミー文章11,進行中,プロジェクトB
インポートタスク12,2018/11/22,インポートのためのダミー文章12,進行中,プロジェクトB
インポートタスク13,2018/10/10,インポートのためのダミー文章13,進行中,プロジェクトB
インポートタスク14,2018/9/10,インポートのためのダミー文章14,進行中,プロジェクトB
インポートタスク15,2018/7/11,インポートのためのダミー文章15,進行中,プロジェクトB
インポートタスク16,2018/8/10,インポートのためのダミー文章16,進行中,プロジェクトB
インポートタスク17,2018/9/7,インポートのためのダミー文章17,進行中,プロジェクトB
インポートタスク18,2018/12/2,インポートのためのダミー文章18,進行中,プロジェクトB
インポートタスク19,2018/8/2,インポートのためのダミー文章19,進行中,プロジェクトB
インポートタスク20,2018/10/16,インポートのためのダミー文章20,進行中,プロジェクトB
インポートタスク21,2018/7/25,インポートのためのダミー文章21,進行中,プロジェクトC
インポートタスク22,2018/10/7,インポートのためのダミー文章22,進行中,プロジェクトC
インポートタスク23,2018/10/24,インポートのためのダミー文章23,進行中,プロジェクトC
インポートタスク24,2018/11/24,インポートのためのダミー文章24,進行中,プロジェクトC
インポートタスク25,2018/8/25,インポートのためのダミー文章25,進行中,プロジェクトC
インポートタスク26,2018/11/7,インポートのためのダミー文章26,進行中,プロジェクトC
インポートタスク27,2018/11/7,インポートのためのダミー文章27,進行中,プロジェクトC
インポートタスク28,2018/7/23,インポートのためのダミー文章28,進行中,プロジェクトC
インポートタスク29,2018/11/16,インポートのためのダミー文章29,進行中,プロジェクトC
インポートタスク30,2018/10/2,インポートのためのダミー文章30,進行中,プロジェクトC